"Country or Area","Year","Value","Value Footnotes"
"Albania","2012","29","1"
"Albania","2008","30","1"
"Albania","2005","30.6","1"
"Albania","2002","31.7","1"
"Albania","1996","27","1"
"Algeria","2011","27.6","2"
"Algeria","1995","35.3","2"
"Algeria","1988","40.2","2"
"Angola","2008","42.7","1"
"Argentina","2016","42.4","3"
"Argentina","2014","41.4","3"
"Argentina","2013","41","3"
"Argentina","2012","41.2","3"
"Argentina","2011","42.3","3"
"Argentina","2010","43","3"
"Argentina","2009","43.9","3"
"Argentina","2008","44.5","3"
"Argentina","2007","46.3","3"
"Argentina","2006","46.6","3"
"Argentina","2005","47.7","3"
"Argentina","2004","48.3","3"
"Argentina","2003","50.7","3"
"Argentina","2002","53.8","3"
"Argentina","2001","53.3","3"
"Argentina","2000","51.1","3"
"Argentina","1999","49.8","3"
"Argentina","1998","50.7","3"
"Argentina","1997","49.1","3"
"Argentina","1996","49.5","3"
"Argentina","1995","48.9","3"
"Argentina","1994","45.9","3"
"Argentina","1993","44.9","3"
"Argentina","1992","45.5","3"
"Argentina","1991","46.8","3"
"Argentina","1987","45.3","4"
"Argentina","1986","42.8","4"
"Argentina","1980","40.8","4"
"Armenia","2016","32.5","1"
"Armenia","2015","32.4","1"
"Armenia","2014","31.5","1"
"Armenia","2013","30.6","1"
"Armenia","2012","29.6","1"
"Armenia","2011","29.4","1"
"Armenia","2010","30","1"
"Armenia","2009","28","1"
"Armenia","2008","29.2","1"
"Armenia","2007","31.2","1"
"Armenia","2006","29.7","1"
"Armenia","2005","36","1"
"Armenia","2004","37.5","1"
"Armenia","2003","33","1"
"Armenia","2002","34.8","1"
"Armenia","2001","35.4","1"
"Armenia","1999","36.2","1"
"Australia","2010","34.7","5"
"Australia","2008","35.4","5"
"Australia","2003","33.5","5"
"Australia","2001","33.5","5"
"Australia","1995","32.6","5"
"Australia","1989","33.2","5"
"Australia","1985","32.5","5"
"Australia","1981","31.3","5"
"Austria","2015","30.5","5"
"Austria","2014","30.5","5"
"Austria","2013","30.8","5"
"Austria","2012","30.5","5"
"Austria","2011","30.8","5"
"Austria","2010","30.3","5"
"Austria","2009","31.5","5"
"Austria","2008","30.4","5"
"Austria","2007","30.6","5"
"Austria","2006","29.6","5"
"Austria","2005","28.7","5"
"Austria","2004","29.8","5"
"Austria","2003","29.5","5"
"Azerbaijan","2005","16.6","1"
"Azerbaijan","2004","16.2","1"
"Azerbaijan","2003","18.8","1"
"Azerbaijan","2002","17.4","1"
"Azerbaijan","2001","36.5","1"
"Azerbaijan","1995","34.7","1"
"Bangladesh","2016","32.4","1"
"Bangladesh","2010","32.1","1"
"Bangladesh","2005","33.2","1"
"Bangladesh","2000","33.4","1"
"Bangladesh","1995","32.9","1"
"Bangladesh","1991","27.6","1"
"Bangladesh","1988","28.8","2"
"Bangladesh","1985","26.9","2"
"Bangladesh","1983","25.9","2"
"Belarus","2016","27","1"
"Belarus","2015","26.7","1"
"Belarus","2014","27.2","1"
"Belarus","2013","26.6","1"
"Belarus","2012","26.5","1"
"Belarus","2011","27.2","1"
"Belarus","2010","28.6","1"
"Belarus","2009","27.7","1"
"Belarus","2008","27.8","1"
"Belarus","2007","29.6","1"
"Belarus","2006","28.3","1"
"Belarus","2005","27.6","1"
"Belarus","2004","26.5","1"
"Belarus","2003","28.8","1"
"Belarus","2002","30.3","1"
"Belarus","2001","30.6","1"
"Belarus","2000","31.2","1"
"Belarus","1999","31.7","1"
"Belarus","1998","32","1"
"Belgium","2015","27.7","5"
"Belgium","2014","28.1","5"
"Belgium","2013","27.7","5"
"Belgium","2012","27.5","5"
"Belgium","2011","28.1","5"
"Belgium","2010","28.4","5"
"Belgium","2009","28.5","5"
"Belgium","2008","28.4","5"
"Belgium","2007","29.2","5"
"Belgium","2006","28.1","5"
"Belgium","2005","29.3","5"
"Belgium","2004","30.5","5"
"Belgium","2003","28.1","5"
"Belize","1999","53.3","5"
"Belize","1998","54.9","5"
"Belize","1997","60.4","5"
"Belize","1996","56.6","5"
"Belize","1994","60.9","5"
"Belize","1993","60.3","5"
"Benin","2015","47.8","1"
"Benin","2011","43.4","1"
"Benin","2003","38.6","1"
"Bhutan","2012","38.8","1"
"Bhutan","2007","38.1","1"
"Bhutan","2003","46.8","1"
"Bolivia","2016","44.6","5"
"Bolivia","2015","46.7","5"
"Bolivia","2014","47.8","5"
"Bolivia","2013","47.6","5"
"Bolivia","2012","46.6","5"
"Bolivia","2011","46.1","5"
"Bolivia","2009","49.2","5"
"Bolivia","2008","50.8","5"
"Bolivia","2007","54.5","5"
"Bolivia","2006","56.7","5"
"Bolivia","2005","58.5","5"
"Bolivia","2004","55","5"
"Bolivia","2002","59.3","5"
"Bolivia","2001","57.4","5"
"Bolivia","2000","61.6","5"
"Bolivia","1999","58.1","5"
"Bolivia","1997","58.2","5"
"Bolivia","1990","42","6"
"Bosnia and Herzegovina","2015","32.7","1"
"Bosnia and Herzegovina","2011","33","1"
"Bosnia and Herzegovina","2007","33.1","1"
"Bosnia and Herzegovina","2004","34","1"
"Bosnia and Herzegovina","2001","30","1"
"Botswana","2009","60.5","1"
"Botswana","2002","64.7","1"
"Botswana","1993","60.8","2"
"Botswana","1985","54.2","2"
"Brazil","2015","51.3","5"
"Brazil","2014","51.5","5"
"Brazil","2013","52.8","5"
"Brazil","2012","52.6","5"
"Brazil","2011","52.9","5"
"Brazil","2009","53.7","5"
"Brazil","2008","54","5"
"Brazil","2007","54.9","5"
"Brazil","2006","55.6","5"
"Brazil","2005","56.3","5"
"Brazil","2004","56.5","5"
"Brazil","2003","57.6","5"
"Brazil","2002","58.1","5"
"Brazil","2001","58.4","5"
"Brazil","1999","59","5"
"Brazil","1998","59.6","5"
"Brazil","1997","59.8","5"
"Brazil","1996","59.9","5"
"Brazil","1995","59.6","5"
"Brazil","1993","60.1","5"
"Brazil","1992","53.2","5"
"Brazil","1990","60.5","5"
"Brazil","1989","63.3","5"
"Brazil","1988","61.4","5"
"Brazil","1987","59.7","5"
"Brazil","1986","58.5","5"
"Brazil","1985","55.6","5"
"Brazil","1984","58.4","5"
"Brazil","1983","59","5"
"Brazil","1982","58.4","5"
"Brazil","1981","58","5"
"Bulgaria","2014","37.4","5"
"Bulgaria","2013","36.6","5"
"Bulgaria","2012","36","5"
"Bulgaria","2011","34.3","5"
"Bulgaria","2010","35.7","5"
"Bulgaria","2009","33.8","5"
"Bulgaria","2008","33.6","5"
"Bulgaria","2007","36.1","5"
"Bulgaria","2006","35.7","5"
"Bulgaria","1992","30.7","6"
"Burkina Faso","2014","35.3","1"
"Burkina Faso","2009","39.8","1"
"Burkina Faso","2003","43.3","1"
"Burkina Faso","1998","49.9","1"
"Burkina Faso","1994","48.1","1"
"Burundi","2013","38.6","1"
"Burundi","2006","33.4","1"
"Burundi","1998","42.3","1"
"Burundi","1992","33.3","2"
"CÃ´te d'Ivoire","2015","41.5","1"
"CÃ´te d'Ivoire","2008","43.2","1"
"CÃ´te d'Ivoire","2002","41.3","1"
"CÃ´te d'Ivoire","1998","39","1"
"CÃ´te d'Ivoire","1995","40.6","1"
"CÃ´te d'Ivoire","1992","39.4","1"
"CÃ´te d'Ivoire","1988","36.9","1"
"CÃ´te d'Ivoire","1987","40.5","1"
"CÃ´te d'Ivoire","1986","38","1"
"CÃ´te d'Ivoire","1985","45.5","1"
"Cabo Verde","2007","47.2","1"
"Cabo Verde","2001","52.5","1"
"Cameroon","2014","46.6","1"
"Cameroon","2007","42.8","1"
"Cameroon","2001","42.1","1"
"Cameroon","1996","44.4","1"
"Canada","2013","34","5"
"Canada","2010","33.6","5"
"Canada","2007","33.8","5"
"Canada","2004","33.7","5"
"Canada","2000","33.3","5"
"Canada","1998","33.2","5"
"Canada","1997","31.6","5"
"Canada","1994","31.3","5"
"Canada","1991","31","5"
"Canada","1987","31.5","5"
"Canada","1981","32.4","5"
"Central African Republic","2008","56.2","1"
"Central African Republic","2003","43.6","1"
"Central African Republic","1992","61.3","2"
"Chad","2011","43.3","1"
"Chad","2003","39.8","1"
"Chile","2015","47.7","5"
"Chile","2013","47.3","5"
"Chile","2011","47.6","5"
"Chile","2009","49","5"
"Chile","2006","48.2","5"
"Chile","2003","51.5","5"
"Chile","2000","52.8","5"
"Chile","1998","55.5","5"
"Chile","1996","54.9","5"
"Chile","1994","56.4","5"
"Chile","1992","54.8","5"
"Chile","1990","57.2","5"
"Chile","1987","56.2","5"
"China","2012","42.2","7"
"China","2008","42.8","7"
"Colombia","2016","50.8","5"
"Colombia","2015","51.1","5"
"Colombia","2014","52.8","5"
"Colombia","2013","52.9","5"
"Colombia","2012","52.9","5"
"Colombia","2011","53.6","5"
"Colombia","2010","54.8","5"
"Colombia","2009","54.5","5"
"Colombia","2008","55.4","5"
"Colombia","2005","53.7","5"
"Colombia","2004","54.8","5"
"Colombia","2003","53.4","5"
"Colombia","2002","55.8","5"
"Colombia","2001","57.2","5"
"Colombia","2000","58.7","5"
"Colombia","1999","58.7","5"
"Colombia","1996","56.9","5"
"Colombia","1992","51.5","5"
"Comoros","2013","45.3","1"
"Comoros","2004","55.9","1"
"Congo","2011","48.9","1"
"Congo","2005","47.3","1"
"Costa Rica","2016","48.7","5"
"Costa Rica","2015","48.4","5"
"Costa Rica","2014","48.6","5"
"Costa Rica","2013","49.3","5"
"Costa Rica","2012","48.6","5"
"Costa Rica","2011","48.7","5"
"Costa Rica","2010","48.2","5"
"Costa Rica","2009","50.6","5"
"Costa Rica","2008","48.7","5"
"Costa Rica","2007","49.3","5"
"Costa Rica","2006","49.4","5"
"Costa Rica","2005","47.5","5"
"Costa Rica","2004","48.3","5"
"Costa Rica","2003","49.3","5"
"Costa Rica","2002","51.9","5"
"Costa Rica","2001","51.6","5"
"Costa Rica","2000","47.4","5"
"Costa Rica","1999","47.7","5"
"Costa Rica","1998","45.7","5"
"Costa Rica","1997","45.6","5"
"Costa Rica","1996","46.5","5"
"Costa Rica","1995","45.7","5"
"Costa Rica","1994","46.8","5"
"Costa Rica","1993","46","5"
"Costa Rica","1992","45.7","5"
"Costa Rica","1991","46.6","5"
"Costa Rica","1990","45.3","5"
"Costa Rica","1989","46.7","5"
"Costa Rica","1986","34.4","6"
"Costa Rica","1981","47.5","6"
"Croatia","2015","30.8","5"
"Croatia","2014","32.1","5"
"Croatia","2013","32","5"
"Croatia","2012","32.5","5"
"Croatia","2011","32.3","5"
"Croatia","2010","32.4","5"
"Croatia","2009","32.6","5"
"Croatia","1988","22.8","6"
"Cyprus","2015","34","5"
"Cyprus","2014","35.6","5"
"Cyprus","2013","37","5"
"Cyprus","2012","34.3","5"
"Cyprus","2011","32.6","5"
"Cyprus","2010","31.5","5"
"Cyprus","2009","32.1","5"
"Cyprus","2008","31.7","5"
"Cyprus","2007","31.1","5"
"Cyprus","2006","31.1","5"
"Cyprus","2005","30.3","5"
"Cyprus","2004","30.1","5"
"Czech Republic","2015","25.9","5"
"Czech Republic","2014","25.9","5"
"Czech Republic","2013","26.5","5"
"Czech Republic","2012","26.1","5"
"Czech Republic","2011","26.4","5"
"Czech Republic","2010","26.6","5"
"Czech Republic","2009","26.2","5"
"Czech Republic","2008","26.3","5"
"Czech Republic","2007","26","5"
"Czech Republic","2006","26.7","5"
"Czech Republic","2005","26.9","5"
"Czech Republic","2004","27.5","5"
"Czech Republic","1996","25.8","6"
"Czech Republic","1993","26.6","6"
"Dem. Rep. Congo","2012","42.1","1"
"Dem. Rep. Congo","2004","42.2","1"
"Denmark","2015","28.2","5"
"Denmark","2014","28.4","5"
"Denmark","2013","28.5","5"
"Denmark","2012","27.8","5"
"Denmark","2011","27.3","5"
"Denmark","2010","27.2","5"
"Denmark","2009","26.7","5"
"Denmark","2008","25.2","5"
"Denmark","2007","26.2","5"
"Denmark","2006","25.9","5"
"Denmark","2005","25.2","5"
"Denmark","2004","24.9","5"
"Denmark","2003","25.6","5"
"Djibouti","2013","44.1","1"
"Djibouti","2012","45.1","1"
"Djibouti","2002","40","1"
"Dominican Republic","2016","45.3","5"
"Dominican Republic","2015","44.7","5"
"Dominican Republic","2014","44.1","5"
"Dominican Republic","2013","47","5"
"Dominican Republic","2012","45.6","5"
"Dominican Republic","2011","47.4","5"
"Dominican Republic","2010","46.9","5"
"Dominican Republic","2009","48.5","5"
"Dominican Republic","2008","47.8","5"
"Dominican Republic","2007","48.6","5"
"Dominican Republic","2006","51.8","5"
"Dominican Republic","2005","49.9","5"
"Dominican Republic","2004","52","5"
"Dominican Republic","2003","52","5"
"Dominican Republic","2002","50","5"
"Dominican Republic","2001","50.4","5"
"Dominican Republic","2000","52","5"
"Dominican Republic","1997","48.9","5"
"Dominican Republic","1996","47.4","5"
"Dominican Republic","1992","51.4","6"
"Dominican Republic","1989","50.5","6"
"Dominican Republic","1986","47.8","6"
"Ecuador","2016","45","5"
"Ecuador","2015","46","5"
"Ecuador","2014","45","5"
"Ecuador","2013","46.9","5"
"Ecuador","2012","46.1","5"
"Ecuador","2011","45.9","5"
"Ecuador","2010","48.7","5"
"Ecuador","2009","48.4","5"
"Ecuador","2008","49.7","5"
"Ecuador","2007","53.3","5"
"Ecuador","2006","52.2","5"
"Ecuador","2005","53.1","5"
"Ecuador","2004","53.9","5"
"Ecuador","2003","53.4","5"
"Ecuador","2000","56.4","5"
"Ecuador","1999","58.6","5"
"Ecuador","1998","49.7","5"
"Ecuador","1994","53.4","5"
"Ecuador","1987","50.5","6"
"Egypt","2015","31.8","8"
"Egypt","2012","29.8","8"
"Egypt","2010","31.5","8"
"Egypt","2008","31.1","8"
"Egypt","2004","31.8","8"
"Egypt","1999","32.8","9"
"Egypt","1995","30.1","9"
"Egypt","1990","32","9"
"El Salvador","2016","40","5"
"El Salvador","2015","40.6","5"
"El Salvador","2014","41.6","5"
"El Salvador","2013","43.4","5"
"El Salvador","2012","41.8","5"
"El Salvador","2011","42.3","5"
"El Salvador","2010","43.5","5"
"El Salvador","2009","45.8","5"
"El Salvador","2008","46.9","5"
"El Salvador","2007","45.2","5"
"El Salvador","2006","45.7","5"
"El Salvador","2005","48.5","5"
"El Salvador","2004","47.8","5"
"El Salvador","2003","50.4","5"
"El Salvador","2002","51.9","5"
"El Salvador","2001","51.4","5"
"El Salvador","2000","51.5","5"
"El Salvador","1999","52.2","5"
"El Salvador","1998","54.5","5"
"El Salvador","1996","51","5"
"El Salvador","1995","49.9","5"
"El Salvador","1991","54","5"
"Estonia","2015","32.7","5"
"Estonia","2014","34.6","5"
"Estonia","2013","35.1","5"
"Estonia","2012","32.9","5"
"Estonia","2011","32.5","5"
"Estonia","2010","32","5"
"Estonia","2009","31.4","5"
"Estonia","2008","31.9","5"
"Estonia","2007","31.2","5"
"Estonia","2006","33.7","5"
"Estonia","2005","33.4","5"
"Estonia","2004","33.6","5"
"Estonia","2003","37.2","5"
"Estonia","1993","39.5","6"
"Ethiopia","2015","39.1","1"
"Ethiopia","2010","33.2","1"
"Ethiopia","2004","29.8","1"
"Ethiopia","1999","30","1"
"Ethiopia","1995","44.6","1"
"Fiji","2013","36.4","1"
"Fiji","2008","40.4","1"
"Fiji","2002","38.1","1"
"Finland","2015","27.1","5"
"Finland","2014","26.8","5"
"Finland","2013","27.2","5"
"Finland","2012","27.1","5"
"Finland","2011","27.6","5"
"Finland","2010","27.7","5"
"Finland","2009","27.5","5"
"Finland","2008","27.8","5"
"Finland","2007","28.3","5"
"Finland","2006","28","5"
"Finland","2005","27.6","5"
"Finland","2004","27.9","5"
"Finland","2003","27.7","5"
"France","2015","32.7","5"
"France","2014","32.3","5"
"France","2013","32.5","5"
"France","2012","33.1","5"
"France","2011","33.3","5"
"France","2010","33.7","5"
"France","2009","32.7","5"
"France","2008","33","5"
"France","2007","32.4","5"
"France","2006","29.7","5"
"France","2005","29.8","5"
"France","2004","30.6","5"
"France","2003","31.4","5"
"Gabon","2005","42.2","1"
"Georgia","2016","36.5","1"
"Georgia","2015","36.4","1"
"Georgia","2014","37.3","1"
"Georgia","2013","38.4","1"
"Georgia","2012","38.8","1"
"Georgia","2011","39.5","1"
"Georgia","2010","40.1","1"
"Georgia","2009","38.1","1"
"Georgia","2008","38.2","1"
"Georgia","2007","38.3","1"
"Georgia","2006","36.9","1"
"Georgia","2005","37.3","1"
"Georgia","2004","36.3","1"
"Georgia","2003","36.7","1"
"Georgia","2002","37.3","1"
"Georgia","2001","39.6","1"
"Georgia","2000","40.5","1"
"Georgia","1999","40.1","1"
"Georgia","1998","41.3","1"
"Georgia","1997","40.7","1"
"Georgia","1996","37.1","2"
"Germany","2015","31.7","5"
"Germany","2013","31.1","5"
"Germany","2011","30.5","5"
"Germany","2010","30.2","5"
"Germany","2007","31.3","5"
"Germany","2006","31.3","5"
"Germany","2004","30.4","5"
"Germany","2001","30.3","5"
"Germany","2000","28.8","5"
"Germany","1994","29.2","5"
"Germany","1991","29.2","5"
"Ghana","2012","42.4","1"
"Ghana","2005","42.8","1"
"Ghana","1998","40.1","1"
"Ghana","1991","38.4","1"
"Ghana","1988","36","2"
"Ghana","1987","35.3","2"
"Greece","2015","36","5"
"Greece","2014","35.8","5"
"Greece","2013","36.1","5"
"Greece","2012","36.2","5"
"Greece","2011","34.8","5"
"Greece","2010","34.1","5"
"Greece","2009","33.6","5"
"Greece","2008","33.6","5"
"Greece","2007","34","5"
"Greece","2006","35.1","5"
"Greece","2005","34.6","5"
"Greece","2004","33.6","5"
"Greece","2003","32.8","5"
"Guatemala","2014","48.3","5"
"Guatemala","2006","54.6","5"
"Guatemala","2000","54.2","5"
"Guatemala","1989","59.6","6"
"Guatemala","1986","58.3","6"
"Guinea","2012","33.7","1"
"Guinea","2007","39.4","1"
"Guinea","2002","43","1"
"Guinea","1994","46.1","1"
"Guinea","1991","46.8","2"
"Guinea-Bissau","2010","50.7","1"
"Guinea-Bissau","2002","35.6","1"
"Guinea-Bissau","1993","43.6","1"
"Guyana","1998","44.6","6"
"Haiti","2012","41.1","1"
"Honduras","2016","50","5"
"Honduras","2015","49.6","5"
"Honduras","2014","50.4","5"
"Honduras","2013","52.6","5"
"Honduras","2012","56.1","5"
"Honduras","2011","56.2","5"
"Honduras","2010","53.1","5"
"Honduras","2009","51.3","5"
"Honduras","2008","55.5","5"
"Honduras","2007","55.8","5"
"Honduras","2006","57.5","5"
"Honduras","2005","59.5","5"
"Honduras","2004","58.1","5"
"Honduras","2003","58.1","5"
"Honduras","2002","55.7","5"
"Honduras","2001","55.2","5"
"Honduras","1999","55.4","5"
"Honduras","1998","57.4","5"
"Honduras","1997","52.7","5"
"Honduras","1996","55.7","5"
"Honduras","1995","55.5","5"
"Honduras","1994","55","5"
"Honduras","1993","53.5","5"
"Honduras","1992","51.8","5"
"Honduras","1991","51.9","5"
"Honduras","1990","57.4","6"
"Honduras","1989","59.5","6"
"Hungary","2015","30.4","5"
"Hungary","2014","30.9","5"
"Hungary","2013","31.5","5"
"Hungary","2012","30.8","5"
"Hungary","2011","29.2","5"
"Hungary","2010","29.4","5"
"Hungary","2009","27","5"
"Hungary","2008","27.5","5"
"Hungary","2007","27.9","5"
"Hungary","2006","28.3","5"
"Hungary","2005","34.7","5"
"Hungary","2004","29.9","5"
"Hungary","1993","27.9","6"
"Hungary","1989","25","6"
"Hungary","1987","21","6"
"Iceland","2014","25.6","5"
"Iceland","2013","25.4","5"
"Iceland","2012","26.8","5"
"Iceland","2011","26.8","5"
"Iceland","2010","26.2","5"
"Iceland","2009","28.7","5"
"Iceland","2008","31.8","5"
"Iceland","2007","29.5","5"
"Iceland","2006","30.2","5"
"Iceland","2005","29","5"
"Iceland","2004","28","5"
"Iceland","2003","26.8","5"
"India","2011","35.1","10"
"Indonesia","2013","39.5","10"
"Iran","2014","38.8","1"
"Iran","2013","37.4","1"
"Iran","2009","42.1","1"
"Iran","2006","44.8","1"
"Iran","2005","43.6","1"
"Iran","1998","44.1","2"
"Iran","1994","43","2"
"Iran","1990","43.6","2"
"Iran","1986","47.4","2"
"Iraq","2012","29.5","8"
"Iraq","2006","28.6","8"
"Ireland","2014","31.9","5"
"Ireland","2013","33.5","5"
"Ireland","2012","33.2","5"
"Ireland","2011","32.9","5"
"Ireland","2010","32.3","5"
"Ireland","2009","32.7","5"
"Ireland","2008","30.9","5"
"Ireland","2007","31.9","5"
"Ireland","2006","32.7","5"
"Ireland","2005","33.7","5"
"Ireland","2004","33.6","5"
"Ireland","2003","32.9","5"
"Israel","2012","41.4","5"
"Israel","2010","42.5","5"
"Israel","2007","41","5"
"Israel","2005","41.7","5"
"Israel","2001","38.9","5"
"Israel","1997","38.1","5"
"Israel","1992","35.5","5"
"Israel","1986","36.5","5"
"Israel","1979","36.3","5"
"Italy","2014","34.7","5"
"Italy","2013","34.9","5"
"Italy","2012","35.2","5"
"Italy","2011","35.1","5"
"Italy","2010","34.7","5"
"Italy","2009","33.8","5"
"Italy","2008","33.8","5"
"Italy","2007","32.9","5"
"Italy","2006","33.7","5"
"Italy","2005","33.8","5"
"Italy","2004","34.3","5"
"Italy","2003","34.9","5"
"Jamaica","2004","45.5","1"
"Jamaica","2002","48.3","1"
"Jamaica","1999","44.1","1"
"Jamaica","1996","40.4","1"
"Jamaica","1993","35.7","2"
"Jamaica","1990","41.1","1"
"Jamaica","1988","43.2","2"
"Japan","2008","32.1","5"
"Jordan","2010","33.7","8"
"Jordan","2008","32.6","8"
"Jordan","2006","33.9","8"
"Jordan","2002","37","8"
"Jordan","1997","36.4","9"
"Jordan","1992","43.4","9"
"Jordan","1986","36.1","9"
"Kazakhstan","2015","26.9","1"
"Kazakhstan","2014","27","1"
"Kazakhstan","2013","27.1","1"
"Kazakhstan","2012","28.1","1"
"Kazakhstan","2011","28","1"
"Kazakhstan","2010","28","1"
"Kazakhstan","2009","28.2","1"
"Kazakhstan","2008","28.5","1"
"Kazakhstan","2007","30.1","1"
"Kazakhstan","2006","30.3","1"
"Kazakhstan","2005","39.9","1"
"Kazakhstan","2004","32","1"
"Kazakhstan","2003","33.8","1"
"Kazakhstan","2002","34.9","1"
"Kazakhstan","2001","36","1"
"Kazakhstan","1996","35.4","1"
"Kenya","2005","48.5","1"
"Kenya","1997","46.3","1"
"Kenya","1994","43.9","1"
"Kenya","1992","57.5","2"
"Kiribati","2006","37","1"
"Korea","2012","31.6","5"
"Korea","2010","32","5"
"Korea","2008","32.3","5"
"Korea","2006","31.7","5"
"Kosovo","2015","26.4","8"
"Kosovo","2014","27.3","8"
"Kosovo","2013","26.3","8"
"Kosovo","2012","29","8"
"Kosovo","2011","27.8","8"
"Kosovo","2010","33.3","8"
"Kosovo","2009","31.8","8"
"Kosovo","2006","30.3","8"
"Kosovo","2005","31.2","8"
"Kosovo","2003","29","8"
"Kyrgyz Republic","2016","26.8","1"
"Kyrgyz Republic","2015","29","1"
"Kyrgyz Republic","2014","26.8","1"
"Kyrgyz Republic","2013","28.8","1"
"Kyrgyz Republic","2012","27.4","1"
"Kyrgyz Republic","2011","27.8","1"
"Kyrgyz Republic","2010","30.1","1"
"Kyrgyz Republic","2009","29.9","1"
"Kyrgyz Republic","2008","31.5","1"
"Kyrgyz Republic","2007","33.9","1"
"Kyrgyz Republic","2006","37.4","1"
"Kyrgyz Republic","2005","32.6","1"
"Kyrgyz Republic","2004","34.8","1"
"Kyrgyz Republic","2003","28.7","1"
"Kyrgyz Republic","2002","30.3","1"
"Kyrgyz Republic","2001","30.2","1"
"Kyrgyz Republic","2000","31","1"
"Kyrgyz Republic","1998","46.4","1"
"Lao PDR","2012","36.4","1"
"Lao PDR","2007","35.4","1"
"Lao PDR","2002","32.6","1"
"Lao PDR","1997","34.9","1"
"Lao PDR","1992","34.3","1"
"Latvia","2015","34.2","5"
"Latvia","2014","35.1","5"
"Latvia","2013","35.5","5"
"Latvia","2012","35.2","5"
"Latvia","2011","35.8","5"
"Latvia","2010","35","5"
"Latvia","2009","35.9","5"
"Latvia","2008","37.2","5"
"Latvia","2007","37.5","5"
"Latvia","2006","35.6","5"
"Latvia","2005","39","5"
"Latvia","2004","36.4","5"
"Latvia","1996","31.6","6"
"Latvia","1995","31","6"
"Latvia","1993","27","6"
"Lebanon","2011","31.8","8"
"Lesotho","2010","54.2","1"
"Lesotho","2002","51.6","1"
"Lesotho","1994","63.2","1"
"Lesotho","1986","56","2"
"Liberia","2014","33.2","1"
"Liberia","2007","36.5","1"
"Lithuania","2015","37.4","5"
"Lithuania","2014","37.7","5"
"Lithuania","2013","35.3","5"
"Lithuania","2012","35.1","5"
"Lithuania","2011","32.5","5"
"Lithuania","2010","33.6","5"
"Lithuania","2009","37.2","5"
"Lithuania","2008","35.7","5"
"Lithuania","2007","34.8","5"
"Lithuania","2006","34.4","5"
"Lithuania","2005","35.3","5"
"Lithuania","2004","37","5"
"Lithuania","1993","33.6","6"
"Luxembourg","2014","31.2","5"
"Luxembourg","2013","32","5"
"Luxembourg","2012","34.3","5"
"Luxembourg","2011","32.1","5"
"Luxembourg","2010","30.5","5"
"Luxembourg","2009","31.2","5"
"Luxembourg","2008","32.6","5"
"Luxembourg","2007","31.1","5"
"Luxembourg","2006","30.9","5"
"Luxembourg","2005","30.8","5"
"Luxembourg","2004","30.2","5"
"Luxembourg","2003","30.2","5"
"Macedonia","2014","35.6","5"
"Macedonia","2013","36.9","5"
"Macedonia","2012","38.5","5"
"Macedonia","2011","40.1","5"
"Macedonia","2010","40.2","5"
"Madagascar","2012","42.6","1"
"Madagascar","2010","42.4","1"
"Madagascar","2005","39.9","1"
"Madagascar","2001","47.4","1"
"Madagascar","1999","38.6","1"
"Madagascar","1997","39.5","1"
"Madagascar","1993","45.3","1"
"Madagascar","1980","46.8","2"
"Malawi","2010","45.5","1"
"Malawi","2004","39.9","1"
"Malawi","1997","65.8","1"
"Malaysia","2009","46.3","5"
"Malaysia","2007","46.1","5"
"Malaysia","2004","46.1","5"
"Malaysia","1997","49.1","6"
"Malaysia","1995","48.5","6"
"Malaysia","1992","47.7","6"
"Malaysia","1989","46.2","6"
"Malaysia","1987","47","6"
"Malaysia","1984","48.6","6"
"Maldives","2009","38.4","1"
"Maldives","2002","41.3","1"
"Mali","2009","33","1"
"Mali","2006","38.9","1"
"Mali","2001","39.9","1"
"Mali","1994","50.4","1"
"Malta","2014","29","5"
"Malta","2013","28.8","5"
"Malta","2012","29.4","5"
"Malta","2011","29.1","5"
"Malta","2010","29","5"
"Malta","2009","30.2","5"
"Malta","2008","29","5"
"Malta","2007","29.2","5"
"Malta","2006","28","5"
"Mauritania","2014","32.6","1"
"Mauritania","2008","35.7","1"
"Mauritania","2004","40.2","1"
"Mauritania","2000","39","1"
"Mauritania","1995","37.7","1"
"Mauritania","1993","50.1","2"
"Mauritania","1987","43.9","2"
"Mauritius","2012","35.8","1"
"Mauritius","2006","35.7","1"
"Mexico","2016","43.4","1"
"Mexico","2014","45.8","1"
"Mexico","2012","45.4","1"
"Mexico","2010","45.3","1"
"Mexico","2008","44.6","1"
"Mexico","2006","47.7","1"
"Mexico","2005","48.9","1"
"Mexico","2004","48.3","1"
"Mexico","2002","49","1"
"Mexico","2000","51.4","1"
"Mexico","1998","48.7","1"
"Mexico","1996","48.2","1"
"Mexico","1994","50.3","1"
"Mexico","1992","49.6","1"
"Mexico","1984","48.9","1"
"Micronesia","2013","40.1","1"
"Micronesia","2005","42.4","1"
"Moldova","2016","26.3","1"
"Moldova","2015","27","1"
"Moldova","2014","26.8","1"
"Moldova","2013","28.5","1"
"Moldova","2012","29.2","1"
"Moldova","2011","30.6","1"
"Moldova","2010","32.1","1"
"Moldova","2009","32.9","1"
"Moldova","2008","34.7","1"
"Moldova","2007","34.4","1"
"Moldova","2006","35.4","1"
"Moldova","2005","36.3","2"
"Moldova","2004","35","1"
"Moldova","2003","34.9","1"
"Moldova","2002","35.8","1"
"Moldova","2001","38","1"
"Moldova","2000","36.4","1"
"Moldova","1999","42.6","1"
"Moldova","1998","39.5","1"
"Moldova","1997","36.9","1"
"Mongolia","2016","32.3","1"
"Mongolia","2014","32","1"
"Mongolia","2012","33.8","1"
"Mongolia","2011","33.9","1"
"Mongolia","2010","33.1","1"
"Mongolia","2007","35.8","1"
"Mongolia","2002","32.9","1"
"Mongolia","1998","30.3","2"
"Mongolia","1995","33.2","2"
"Montenegro","2014","31.9","1"
"Montenegro","2013","32.4","1"
"Montenegro","2012","32.3","1"
"Montenegro","2011","30.8","1"
"Montenegro","2010","28.9","1"
"Montenegro","2009","31","1"
"Montenegro","2008","30.5","1"
"Montenegro","2007","31.4","1"
"Montenegro","2006","30","1"
"Montenegro","2005","30.2","1"
"Morocco","2006","40.7","1"
"Morocco","2000","40.6","1"
"Morocco","1998","39.5","2"
"Morocco","1990","39.2","2"
"Morocco","1984","39.2","2"
"Mozambique","2014","54","1"
"Mozambique","2008","45.6","1"
"Mozambique","2002","47","1"
"Mozambique","1996","53.6","1"
"Myanmar","2015","38.1","8"
"Namibia","2009","61","1"
"Namibia","2003","63.3","1"
"Nepal","2010","32.8","1"
"Nepal","2003","43.8","1"
"Nepal","1995","35.2","1"
"Netherlands","2015","29.3","5"
"Netherlands","2014","28.6","5"
"Netherlands","2013","28.1","5"
"Netherlands","2012","27.6","5"
"Netherlands","2011","27.7","5"
"Netherlands","2010","27.8","5"
"Netherlands","2009","27.9","5"
"Netherlands","2008","29.3","5"
"Netherlands","2007","29.6","5"
"Netherlands","2006","30","5"
"Netherlands","2005","29","5"
"Netherlands","2004","29.8","5"
"Nicaragua","2014","46.2","5"
"Nicaragua","2009","43.9","5"
"Nicaragua","2005","48.8","5"
"Nicaragua","2001","52.9","5"
"Nicaragua","1998","54.4","5"
"Nicaragua","1993","57.4","5"
"Niger","2014","34.3","1"
"Niger","2011","31.5","1"
"Niger","2007","37.3","1"
"Niger","2005","44.4","1"
"Niger","1994","41.5","1"
"Niger","1992","36.1","2"
"Nigeria","2009","43","1"
"Nigeria","2003","40.1","1"
"Nigeria","1996","51.9","1"
"Nigeria","1992","45","1"
"Nigeria","1985","38.7","2"
"Norway","2015","27.5","5"
"Norway","2014","26.8","5"
"Norway","2013","26.4","5"
"Norway","2012","25.7","5"
"Norway","2011","25.3","5"
"Norway","2010","25.7","5"
"Norway","2009","26.2","5"
"Norway","2008","27","5"
"Norway","2007","27.1","5"
"Norway","2006","26.4","5"
"Norway","2005","30.6","5"
"Norway","2004","31.6","5"
"Norway","2003","27.6","5"
"Pakistan","2013","30.7","1"
"Pakistan","2011","30.9","1"
"Pakistan","2010","29.8","1"
"Pakistan","2007","31.6","1"
"Pakistan","2005","32.7","1"
"Pakistan","2004","32.5","1"
"Pakistan","2001","30.4","1"
"Pakistan","1998","33.1","1"
"Pakistan","1996","28.7","1"
"Pakistan","1990","33.2","1"
"Pakistan","1987","33.3","1"
"Panama","2016","50.4","5"
"Panama","2015","50.8","5"
"Panama","2014","50.6","5"
"Panama","2013","51.5","5"
"Panama","2012","51.8","5"
"Panama","2011","51.4","5"
"Panama","2010","51.7","5"
"Panama","2009","51.9","5"
"Panama","2008","53.4","5"
"Panama","2007","52.8","5"
"Panama","2006","54.7","5"
"Panama","2005","53.9","5"
"Panama","2004","54.9","5"
"Panama","2003","55.8","5"
"Panama","2002","56.2","5"
"Panama","2001","56.9","5"
"Panama","2000","56.8","5"
"Panama","1999","56.5","5"
"Panama","1998","57.5","5"
"Panama","1997","58.2","5"
"Panama","1995","57.8","5"
"Panama","1991","58.2","5"
"Panama","1989","58.9","5"
"Panama","1979","48.7","6"
"Papua New Guinea","2009","41.9","1"
"Papua New Guinea","1996","55.4","1"
"Paraguay","2016","47.9","5"
"Paraguay","2015","47.6","5"
"Paraguay","2014","50.7","5"
"Paraguay","2013","47.9","5"
"Paraguay","2012","47.6","5"
"Paraguay","2011","52.3","5"
"Paraguay","2010","51","5"
"Paraguay","2009","49.1","5"
"Paraguay","2008","50.7","5"
"Paraguay","2007","53","5"
"Paraguay","2006","53","5"
"Paraguay","2005","51.4","5"
"Paraguay","2004","52.3","5"
"Paraguay","2003","54.9","5"
"Paraguay","2002","57.3","5"
"Paraguay","2001","54.6","5"
"Paraguay","1999","54.6","5"
"Paraguay","1997","54.9","5"
"Paraguay","1995","58.2","5"
"Paraguay","1990","40.8","5"
"Peru","2016","43.8","5"
"Peru","2015","43.5","5"
"Peru","2014","43.4","5"
"Peru","2013","44.1","5"
"Peru","2012","44.7","5"
"Peru","2011","44.9","5"
"Peru","2010","45.7","5"
"Peru","2009","47.3","5"
"Peru","2008","47.8","5"
"Peru","2007","50.4","5"
"Peru","2006","50.5","5"
"Peru","2005","50.8","5"
"Peru","2004","50.3","5"
"Peru","2003","53.5","5"
"Peru","2002","53.8","5"
"Peru","2001","51.5","5"
"Peru","2000","49.4","5"
"Peru","1999","56.3","5"
"Peru","1998","56.1","5"
"Peru","1997","53.7","5"
"Philippines","2015","40.1","1"
"Philippines","2012","42.2","1"
"Philippines","2009","41.8","1"
"Philippines","2006","42.9","1"
"Philippines","2003","41.5","1"
"Philippines","2000","42.8","1"
"Philippines","1997","46","1"
"Philippines","1994","42.9","2"
"Philippines","1991","43.8","2"
"Philippines","1988","40.7","1"
"Philippines","1985","41","2"
"Poland","2015","31.8","1"
"Poland","2014","32.1","1"
"Poland","2013","32.5","1"
"Poland","2012","32.4","1"
"Poland","2011","32.8","1"
"Poland","2010","33.2","1"
"Poland","2009","33.6","1"
"Poland","2008","33.7","1"
"Poland","2007","33.5","1"
"Poland","2006","33.7","1"
"Poland","2005","34.5","1"
"Poland","2004","35.4","1"
"Poland","2003","34.9","1"
"Poland","2002","34.1","1"
"Poland","2001","32.8","1"
"Poland","2000","33","1"
"Poland","1999","32.6","1"
"Poland","1998","32.3","1"
"Poland","1996","32.7","2"
"Poland","1993","26.7","2"
"Portugal","2015","35.5","5"
"Portugal","2014","35.6","5"
"Portugal","2013","36.2","5"
"Portugal","2012","36","5"
"Portugal","2011","36.3","5"
"Portugal","2010","35.8","5"
"Portugal","2009","34.9","5"
"Portugal","2008","36.6","5"
"Portugal","2007","36.7","5"
"Portugal","2006","38.1","5"
"Portugal","2005","38.5","5"
"Portugal","2004","38.9","5"
"Portugal","2003","38.7","5"
"Romania","2016","28.3","1"
"Romania","2013","27.5","1"
"Romania","2012","27.3","1"
"Romania","2011","27.2","1"
"Romania","2010","28.2","1"
"Romania","2009","28.2","1"
"Romania","2008","29.6","1"
"Romania","2007","30.2","1"
"Romania","2006","30.5","1"
"Romania","2005","29.8","1"
"Romania","2004","30","1"
"Romania","2003","29.9","1"
"Romania","2002","30.2","1"
"Romania","2001","29.4","1"
"Romania","2000","29.3","1"
"Romania","1999","29.4","1"
"Romania","1998","31.1","1"
"Russia","2015","37.7","1"
"Russia","2014","39.9","1"
"Russia","2013","40.9","1"
"Russia","2012","40.7","1"
"Russia","2011","39.7","1"
"Russia","2010","39.5","1"
"Russia","2009","39.8","1"
"Russia","2008","41.6","1"
"Russia","2007","42.3","1"
"Russia","2006","41","1"
"Russia","2005","41.3","1"
"Russia","2004","40.3","1"
"Russia","2003","40","1"
"Russia","2002","37.3","1"
"Russia","2001","36.9","1"
"Russia","2000","37.1","1"
"Russia","1999","37.4","1"
"Russia","1998","38.1","1"
"Russia","1997","38.4","1"
"Russia","1996","46.1","2"
"Russia","1993","48.4","2"
"Rwanda","2013","50.4","1"
"Rwanda","2010","51.3","1"
"Rwanda","2005","52","1"
"Rwanda","2000","48.5","1"
"Rwanda","1984","28.9","2"
"SÃ£o TomÃ© and Principe","2010","30.8","1"
"SÃ£o TomÃ© and Principe","2000","32.1","1"
"Samoa","2008","42","1"
"Senegal","2011","40.3","1"
"Senegal","2005","39.2","1"
"Senegal","2001","41.2","1"
"Senegal","1994","41.4","2"
"Senegal","1991","54.1","2"
"Serbia","2015","28.5","1"
"Serbia","2013","29","1"
"Serbia","2010","29","1"
"Serbia","2009","28","1"
"Serbia","2008","27.6","1"
"Serbia","2007","28.7","1"
"Serbia","2006","29.7","1"
"Serbia","2005","36.5","1"
"Serbia","2004","35.5","1"
"Serbia","2003","32.8","1"
"Serbia","2002","32","1"
"Seychelles","2013","46.8","5"
"Sierra Leone","2011","34","1"
"Sierra Leone","2003","40.2","1"
"Slovak Republic","2015","26.5","5"
"Slovak Republic","2014","26.1","5"
"Slovak Republic","2013","28.1","5"
"Slovak Republic","2012","26.1","5"
"Slovak Republic","2011","26.5","5"
"Slovak Republic","2010","27.3","5"
"Slovak Republic","2009","27.2","5"
"Slovak Republic","2008","26","5"
"Slovak Republic","2007","24.7","5"
"Slovak Republic","2006","25.8","5"
"Slovak Republic","2005","29.3","5"
"Slovak Republic","2004","27.1","5"
"Slovak Republic","1996","25.8","6"
"Slovenia","2015","25.4","5"
"Slovenia","2014","25.7","5"
"Slovenia","2013","26.2","5"
"Slovenia","2012","25.6","5"
"Slovenia","2011","24.9","5"
"Slovenia","2010","24.9","5"
"Slovenia","2009","24.8","5"
"Slovenia","2008","23.7","5"
"Slovenia","2007","24.4","5"
"Slovenia","2006","24.4","5"
"Slovenia","2005","24.6","5"
"Slovenia","2004","24.8","5"
"Slovenia","1993","29.2","6"
"Solomon Islands","2013","37.1","1"
"Solomon Islands","2005","46.1","1"
"South Africa","2014","63","1"
"South Africa","2010","63.4","1"
"South Africa","2008","63","1"
"South Africa","2005","64.8","1"
"South Africa","2000","57.8","2"
"South Africa","1996","60.7","1"
"South Africa","1993","59.3","2"
"South Sudan","2009","46.3","8"
"Spain","2015","36.2","5"
"Spain","2014","36.1","5"
"Spain","2013","36.2","5"
"Spain","2012","35.4","5"
"Spain","2011","35.7","5"
"Spain","2010","35.2","5"
"Spain","2009","34.9","5"
"Spain","2008","34.2","5"
"Spain","2007","34.1","5"
"Spain","2006","33.5","5"
"Spain","2005","32.4","5"
"Spain","2004","33.3","5"
"Spain","2003","31.8","5"
"Sri Lanka","2016","39.8","1"
"Sri Lanka","2012","39.2","1"
"Sri Lanka","2009","36.4","1"
"Sri Lanka","2006","40.3","1"
"Sri Lanka","2002","41","1"
"Sri Lanka","1995","35.4","1"
"Sri Lanka","1990","32.4","1"
"Sri Lanka","1985","32.5","2"
"St. Lucia","1995","42.6","6"
"Sudan","2009","35.4","1"
"Suriname","1999","57.6","5"
"Swaziland","2009","51.5","1"
"Swaziland","2000","53.1","1"
"Swaziland","1994","60.5","2"
"Sweden","2015","29.2","5"
"Sweden","2014","28.4","5"
"Sweden","2013","27.8","5"
"Sweden","2012","27.1","5"
"Sweden","2011","26.9","5"
"Sweden","2010","26.5","5"
"Sweden","2009","26.3","5"
"Sweden","2008","26.8","5"
"Sweden","2007","26.4","5"
"Sweden","2006","26.4","5"
"Sweden","2005","26.8","5"
"Sweden","2004","26.1","5"
"Sweden","2003","25.3","5"
"Switzerland","2014","32.5","5"
"Switzerland","2013","32.5","5"
"Switzerland","2012","31.6","5"
"Switzerland","2011","31.7","5"
"Switzerland","2010","32.6","5"
"Switzerland","2009","32.9","5"
"Switzerland","2008","33.8","5"
"Switzerland","2007","34.3","5"
"Switzerland","2006","33.9","5"
"Syrian Arab Republic","2004","35.8","8"
"Tajikistan","2015","34","1"
"Tajikistan","2009","30.8","1"
"Tajikistan","2007","32.2","1"
"Tajikistan","2004","33.6","1"
"Tajikistan","2003","32.7","1"
"Tajikistan","1999","29.5","1"
"Tanzania","2011","37.8","1"
"Tanzania","2007","40.3","1"
"Tanzania","2000","37.3","1"
"Tanzania","1991","35.3","1"
"Thailand","2013","37.8","1"
"Thailand","2012","39.3","1"
"Thailand","2011","37.5","1"
"Thailand","2010","39.4","1"
"Thailand","2009","39.6","1"
"Thailand","2008","40.3","1"
"Thailand","2007","39.8","1"
"Thailand","2006","41.8","1"
"Thailand","2004","42.5","1"
"Thailand","2002","41.9","1"
"Thailand","2000","42.8","1"
"Thailand","1999","43.1","1"
"Thailand","1998","41.5","1"
"Thailand","1996","42.9","1"
"Thailand","1994","43.5","1"
"Thailand","1992","47.9","1"
"Thailand","1990","45.3","1"
"Thailand","1988","43.8","2"
"Thailand","1981","45.2","2"
"The Gambia","2015","35.9","1"
"The Gambia","2010","43.6","1"
"The Gambia","2003","47.3","1"
"The Gambia","1998","48.5","1"
"Timor-Leste","2014","28.7","1"
"Timor-Leste","2007","27.8","1"
"Timor-Leste","2001","35.9","1"
"Togo","2015","43.1","1"
"Togo","2011","46","1"
"Togo","2006","42.2","1"
"Tonga","2009","37.5","1"
"Tonga","2001","37.7","1"
"Trinidad and Tobago","1992","40.3","6"
"Trinidad and Tobago","1988","42.6","6"
"Tunisia","2010","35.8","1"
"Tunisia","2005","37.7","1"
"Tunisia","2000","40.8","2"
"Tunisia","1995","41.7","2"
"Tunisia","1990","40.2","2"
"Tunisia","1985","43.4","2"
"Turkey","2016","41.9","1"
"Turkey","2015","42.9","1"
"Turkey","2014","41.2","1"
"Turkey","2013","40.2","1"
"Turkey","2012","40.2","1"
"Turkey","2011","40","1"
"Turkey","2010","38.8","1"
"Turkey","2009","39","1"
"Turkey","2008","39","1"
"Turkey","2007","38.4","1"
"Turkey","2006","39.6","1"
"Turkey","2005","42.6","1"
"Turkey","2004","41.3","1"
"Turkey","2003","42.2","1"
"Turkey","2002","41.4","1"
"Turkey","1994","41.3","2"
"Turkey","1987","43.5","2"
"Turkmenistan","1998","40.8","9"
"Tuvalu","2010","39.1","1"
"Uganda","2012","41","1"
"Uganda","2009","44.2","1"
"Uganda","2005","42.9","1"
"Uganda","2002","45.2","1"
"Uganda","1999","43","1"
"Uganda","1996","39","1"
"Uganda","1992","41.4","1"
"Uganda","1989","44.4","2"
"Ukraine","2016","25","1"
"Ukraine","2015","25.5","1"
"Ukraine","2014","24","1"
"Ukraine","2013","24.6","1"
"Ukraine","2012","24.7","1"
"Ukraine","2011","24.6","1"
"Ukraine","2010","24.8","1"
"Ukraine","2009","25.3","1"
"Ukraine","2008","26.6","1"
"Ukraine","2007","27","1"
"Ukraine","2006","29.8","1"
"Ukraine","2005","29","1"
"Ukraine","2004","28.9","1"
"Ukraine","2003","28.7","1"
"Ukraine","2002","29","1"
"Ukraine","1996","35.2","1"
"Ukraine","1995","39.3","2"
"United Kingdom","2015","33.2","5"
"United Kingdom","2014","34","5"
"United Kingdom","2013","33.2","5"
"United Kingdom","2012","32.3","5"
"United Kingdom","2011","33.2","5"
"United Kingdom","2010","34.4","5"
"United Kingdom","2009","34.3","5"
"United Kingdom","2008","34.1","5"
"United Kingdom","2007","35.7","5"
"United Kingdom","2006","34.6","5"
"United Kingdom","2005","34.3","5"
"United Kingdom","2004","36","5"
"United States","2016","41.5","5"
"United States","2013","41","5"
"United States","2010","40.4","5"
"United States","2007","41.1","5"
"United States","2004","40.5","5"
"United States","2000","40.4","5"
"United States","1997","40.8","5"
"United States","1994","40.2","5"
"United States","1991","38.2","5"
"United States","1986","37.5","5"
"United States","1979","34.6","5"
"Uruguay","2016","39.7","5"
"Uruguay","2015","40.2","5"
"Uruguay","2014","40.1","5"
"Uruguay","2013","40.5","5"
"Uruguay","2012","39.9","5"
"Uruguay","2011","42.2","5"
"Uruguay","2010","44.5","5"
"Uruguay","2009","45.6","5"
"Uruguay","2008","45.1","5"
"Uruguay","2007","46.4","5"
"Uruguay","2006","45.9","5"
"Uruguay","1989","42.4","5"
"Uruguay","1981","43.6","6"
"Uzbekistan","2003","35.3","8"
"Uzbekistan","2002","33","8"
"Uzbekistan","2000","36.1","8"
"Uzbekistan","1998","44.7","8"
"Vanuatu","2010","37.6","1"
"Venezuela","2006","46.9","5"
"Venezuela","2005","52.4","5"
"Venezuela","2004","49.8","5"
"Venezuela","2003","50.4","5"
"Venezuela","2002","50.6","5"
"Venezuela","2001","48.2","5"
"Venezuela","1999","48.3","5"
"Venezuela","1998","49.8","5"
"Venezuela","1995","47.8","5"
"Venezuela","1992","42.5","5"
"Venezuela","1989","45.3","5"
"Venezuela","1987","53.4","6"
"Venezuela","1981","55.6","6"
"Vietnam","2014","34.8","1"
"Vietnam","2012","35.6","1"
"Vietnam","2010","39.3","1"
"Vietnam","2008","35.6","1"
"Vietnam","2006","35.8","1"
"Vietnam","2004","36.8","1"
"Vietnam","2002","37","1"
"Vietnam","1998","35.4","1"
"Vietnam","1992","35.7","1"
"West Bank and Gaza","2011","34.4","1"
"West Bank and Gaza","2010","35.3","1"
"West Bank and Gaza","2009","34.5","1"
"West Bank and Gaza","2007","35.6","1"
"West Bank and Gaza","2006","34","1"
"West Bank and Gaza","2005","34.7","1"
"West Bank and Gaza","2004","34","1"
"Yemen","2014","36.7","8"
"Yemen","2005","34.7","8"
"Yemen","1998","35","8"
"Zambia","2015","57.1","1"
"Zambia","2010","55.6","1"
"Zambia","2006","54.6","1"
"Zambia","2004","54.3","1"
"Zambia","2002","42.1","1"
"Zambia","1998","49.1","1"
"Zambia","1996","48.3","1"
"Zambia","1993","52.6","2"
"Zambia","1991","60.5","1"
"Zimbabwe","2011","43.2","2"

"footnoteSeqID","Footnote"
"1","Estimated from unit-record consumption data."
"2","Estimated from grouped consumption data."
"3","Estimated from unit-record income data. Urban only. PPP is regression based."
"4","Estimated from grouped income data. Urban only. PPP is regression based."
"5","Estimated from unit-record income data."
"6","Estimated from grouped income data."
"7","Estimated from grouped consumption data. National estimate is based on aggregation of rural and urban distributions. See PovcalNet (http://iresearch.worldbank.org/PovcalNet) for separate rural and urban estimates."
"8","Estimated from unit-record consumption data. PPP is regression based."
"9","Estimated from grouped consumption data. PPP is regression based."
"10","Estimated from unit-record consumption data. National estimate is based on aggregation of rural and urban distributions. See PovcalNet (http://iresearch.worldbank.org/PovcalNet) for separate rural and urban estimates."
